--
-- PostgreSQL database dump
--

-- Dumped from database version 10.13 (Ubuntu 10.13-1.pgdg18.04+1)
-- Dumped by pg_dump version 10.13 (Ubuntu 10.13-1.pgdg18.04+1)

SET statement_timeout = 0;
SET lock_timeout = 0;
SET idle_in_transaction_session_timeout = 0;
SET client_encoding = 'UTF8';
SET standard_conforming_strings = on;
SELECT pg_catalog.set_config('search_path', '', false);
SET check_function_bodies = false;
SET xmloption = content;
SET client_min_messages = warning;
SET row_security = off;

--
-- Name: plpgsql; Type: EXTENSION; Schema: -; Owner: 
--

CREATE EXTENSION IF NOT EXISTS plpgsql WITH SCHEMA pg_catalog;


--
-- Name: EXTENSION plpgsql; Type: COMMENT; Schema: -; Owner: 
--

COMMENT ON EXTENSION plpgsql IS 'PL/pgSQL procedural language';


SET default_tablespace = '';

SET default_with_oids = false;

--
-- Name: listofcoefficient; Type: TABLE; Schema: public; Owner: andrey
--

CREATE TABLE public.listofcoefficient (
    manager character varying(50) NOT NULL,
    minimumwagegm integer NOT NULL,
    timetocompletethetaskti smallint NOT NULL,
    coefficientofcosttimetc smallint NOT NULL,
    taskcomplexitydi smallint NOT NULL,
    coefficientoftaskcomplexityde smallint NOT NULL,
    coefficientofnatureofworkci real NOT NULL,
    forconvertedintocashtb smallint NOT NULL
);


ALTER TABLE public.listofcoefficient OWNER TO andrey;

--
-- Name: manager; Type: TABLE; Schema: public; Owner: andrey
--

CREATE TABLE public.manager (
    login character varying(50) NOT NULL,
    lastname character varying(30) NOT NULL,
    firstname character varying(30) NOT NULL,
    patronymic character varying(30) NOT NULL
);


ALTER TABLE public.manager OWNER TO andrey;

--
-- Name: performer; Type: TABLE; Schema: public; Owner: andrey
--

CREATE TABLE public.performer (
    login character varying(50) NOT NULL,
    lastname character varying(30) NOT NULL,
    firstname character varying(30) NOT NULL,
    patronymic character varying(30) NOT NULL,
    grade character varying(20) NOT NULL,
    manager character varying(50) NOT NULL
);


ALTER TABLE public.performer OWNER TO andrey;

--
-- Name: task; Type: TABLE; Schema: public; Owner: andrey
--

CREATE TABLE public.task (
    taskid integer NOT NULL,
    taskname character varying(50) NOT NULL,
    aboutoftask character varying(100) NOT NULL,
    periodofexecution date NOT NULL,
    dateofcompletion date,
    taskcomplexity smallint NOT NULL,
    timetocompletethetask smallint NOT NULL,
    taskstatus character varying(20) NOT NULL,
    natureofthetask character varying(50) NOT NULL,
    taskperformer character varying(50)
);


ALTER TABLE public.task OWNER TO andrey;

--
-- Name: task_taskid_seq; Type: SEQUENCE; Schema: public; Owner: andrey
--

CREATE SEQUENCE public.task_taskid_seq
    AS integer
    START WITH 1
    INCREMENT BY 1
    NO MINVALUE
    NO MAXVALUE
    CACHE 1;


ALTER TABLE public.task_taskid_seq OWNER TO andrey;

--
-- Name: task_taskid_seq; Type: SEQUENCE OWNED BY; Schema: public; Owner: andrey
--

ALTER SEQUENCE public.task_taskid_seq OWNED BY public.task.taskid;


--
-- Name: useraccount; Type: TABLE; Schema: public; Owner: andrey
--

CREATE TABLE public.useraccount (
    login character varying(50) NOT NULL,
    password character varying(50) NOT NULL,
    accountstatus boolean NOT NULL,
    datetimeauthorized timestamp without time zone
);


ALTER TABLE public.useraccount OWNER TO andrey;

--
-- Name: task taskid; Type: DEFAULT; Schema: public; Owner: andrey
--

ALTER TABLE ONLY public.task ALTER COLUMN taskid SET DEFAULT nextval('public.task_taskid_seq'::regclass);


--
-- Data for Name: listofcoefficient; Type: TABLE DATA; Schema: public; Owner: andrey
--

COPY public.listofcoefficient (manager, minimumwagegm, timetocompletethetaskti, coefficientofcosttimetc, taskcomplexitydi, coefficientoftaskcomplexityde, coefficientofnatureofworkci, forconvertedintocashtb) FROM stdin;
\.


--
-- Data for Name: manager; Type: TABLE DATA; Schema: public; Owner: andrey
--

COPY public.manager (login, lastname, firstname, patronymic) FROM stdin;
user0	Костромин	Андрей	Александрович
user10	Мусатов	Никита	Сергеевич
user3	Нисковских	Ирина	Борисовна
user5	Бескровных	Александр	Дмтриевич
user7	Манькова	Ольга	Владимировна
\.


--
-- Data for Name: performer; Type: TABLE DATA; Schema: public; Owner: andrey
--

COPY public.performer (login, lastname, firstname, patronymic, grade, manager) FROM stdin;
user1	Колесникова	Екатерина	Дмитриевна	Middle	user10
user2	Демидов	Владимир	Вольфович	Senior	user3
user9	Савичева	Анастасия	Николаевна	Middle	user10
user4	Кирилленко	Александр	Фёдорович	Junior	user3
user8	Скорнякова	Людмила	Георгиевна	Junior	user3
\.


--
-- Data for Name: task; Type: TABLE DATA; Schema: public; Owner: andrey
--

COPY public.task (taskid, taskname, aboutoftask, periodofexecution, dateofcompletion, taskcomplexity, timetocompletethetask, taskstatus, natureofthetask, taskperformer) FROM stdin;
0	Установка маршрутизаторов	Установка маршрутизаторов и настройка согласно логической топологии сети	2020-05-05	\N	90	50	Исполняется	Установка оборудования	user2
9	Серверное оборудование	Установка серверного оборудования, подклбчение оборудования	2020-07-20	\N	45	360	Запланирована	Установка оборудования	user4
8	Проектирование логической топологии	Проектирование логической топологии сети согласно физической топологии	2020-07-07	\N	100	75	Исполняется	Анализ и проектирование	user9
3	Потеря соединения	Устранение потери соединения между клиентом и сервером	2020-02-02	\N	70	50	Исполняется	Техническое обслуживание и сопровождение	user1
1	Проектирование физической топологии	Проектирование фиизческой топологии сети	2020-07-07	\N	100	75	Запланирована	Анализ и проектирование	user9
\.


--
-- Data for Name: useraccount; Type: TABLE DATA; Schema: public; Owner: andrey
--

COPY public.useraccount (login, password, accountstatus, datetimeauthorized) FROM stdin;
user5	pass	t	\N
user7	pass	t	\N
user100	pass	t	2020-07-22 18:36:23.019487
user10	pass	t	2020-07-27 18:29:27.045934
user9	pass	t	2020-07-23 13:52:52.192137
user4	pass	t	2020-07-21 19:35:48.559456
user8	pass	t	\N
user2	pass	t	2020-07-22 13:59:46.915418
user0	pass	t	2020-07-24 18:13:32.117315
user3	pass	t	2020-07-25 09:53:40.754927
user1	pass	t	2020-07-26 20:00:48.362397
\.


--
-- Name: task_taskid_seq; Type: SEQUENCE SET; Schema: public; Owner: andrey
--

SELECT pg_catalog.setval('public.task_taskid_seq', 42, true);


--
-- Name: listofcoefficient listofcoefficient_pkey; Type: CONSTRAINT; Schema: public; Owner: andrey
--

ALTER TABLE ONLY public.listofcoefficient
    ADD CONSTRAINT listofcoefficient_pkey PRIMARY KEY (manager);


--
-- Name: manager manager_pkey; Type: CONSTRAINT; Schema: public; Owner: andrey
--

ALTER TABLE ONLY public.manager
    ADD CONSTRAINT manager_pkey PRIMARY KEY (login);


--
-- Name: performer performer_pkey; Type: CONSTRAINT; Schema: public; Owner: andrey
--

ALTER TABLE ONLY public.performer
    ADD CONSTRAINT performer_pkey PRIMARY KEY (login);


--
-- Name: task task_pkey; Type: CONSTRAINT; Schema: public; Owner: andrey
--

ALTER TABLE ONLY public.task
    ADD CONSTRAINT task_pkey PRIMARY KEY (taskid);


--
-- Name: useraccount useraccount_pkey; Type: CONSTRAINT; Schema: public; Owner: andrey
--

ALTER TABLE ONLY public.useraccount
    ADD CONSTRAINT useraccount_pkey PRIMARY KEY (login);


--
-- Name: listofcoefficient listofcoefficient_manager_fkey; Type: FK CONSTRAINT; Schema: public; Owner: andrey
--

ALTER TABLE ONLY public.listofcoefficient
    ADD CONSTRAINT listofcoefficient_manager_fkey FOREIGN KEY (manager) REFERENCES public.manager(login) ON UPDATE CASCADE ON DELETE CASCADE;


--
-- Name: performer performer_manager_fkey; Type: FK CONSTRAINT; Schema: public; Owner: andrey
--

ALTER TABLE ONLY public.performer
    ADD CONSTRAINT performer_manager_fkey FOREIGN KEY (manager) REFERENCES public.manager(login) ON UPDATE CASCADE ON DELETE CASCADE;


--
-- Name: task task_taskperformer_fkey; Type: FK CONSTRAINT; Schema: public; Owner: andrey
--

ALTER TABLE ONLY public.task
    ADD CONSTRAINT task_taskperformer_fkey FOREIGN KEY (taskperformer) REFERENCES public.performer(login) ON UPDATE CASCADE ON DELETE CASCADE;


--
-- PostgreSQL database dump complete
--

